State,Y_1_M_1_F_1,Y_1_M_1_F_2,Y_1_M_1_F_3,Y_1_M_1_F_4,Y_1_M_2_F_1,Y_1_M_2_F_2,Y_1_M_2_F_3,Y_1_M_2_F_4,Y_1_M_3_F_1,Y_1_M_3_F_2,Y_1_M_3_F_3,Y_1_M_3_F_4,Y_1_M_4_F_1,Y_1_M_4_F_2,Y_1_M_4_F_3,Y_1_M_4_F_4,Y_1_M_5_F_1,Y_1_M_5_F_2,Y_1_M_5_F_3,Y_1_M_5_F_4,Y_1_M_6_F_1,Y_1_M_6_F_2,Y_1_M_6_F_3,Y_1_M_6_F_4,Y_1_M_7_F_1,Y_1_M_7_F_2,Y_1_M_7_F_3,Y_1_M_7_F_4,Y_1_M_8_F_1,Y_1_M_8_F_2,Y_1_M_8_F_3,Y_1_M_8_F_4,Y_1_M_9_F_1,Y_1_M_9_F_2,Y_1_M_9_F_3,Y_1_M_9_F_4,Y_1_M_10_F_1,Y_1_M_10_F_2,Y_1_M_10_F_3,Y_1_M_10_F_4,Y_1_M_11_F_1,Y_1_M_11_F_2,Y_1_M_11_F_3,Y_1_M_11_F_4
AK,0.0039803608310300005,0.563761955367,0.00595235238233,0.395839899149,0.00413571337683,0.59298618491,0.0059517764101599995,0.395209580838,0.00332839774086,0.610520722635,0.00601033358068,0.40088244563500003,0.00305512295568,0.6758767268860001,0.006061787094449999,0.397730854081,0.00211850262479,0.764080765143,0.0060805381883900006,0.408761424519,0.00150991268099,0.8039319872480001,0.006127319927899999,0.427670973842,0.00116908601758,0.8140276301809999,0.00616456612816,0.43239836117200003,0.00155575402298,0.787991498406,0.006195028656220001,0.420737472424,0.0019481731638099997,0.7327311370880001,0.00623169888431,0.41348881185,0.00174858480133,0.6939426142399999,0.00624782610504,0.41128269776199994,0.0022625925303800002,0.6174282678,0.0061698778715,0.41853135833599997
AL,0.165746045675,0.7577045696070001,0.147475561981,0.1348881185,0.18212976047200002,0.745483528162,0.147163769047,0.147494484715,0.168348194826,0.833156216791,0.147824409125,0.13961550583,0.15818725649,0.8767268862909999,0.14784149629899998,0.138354869209,0.142564824282,0.907545164718,0.147909205027,0.150961235424,0.158165953326,0.9447396386820001,0.14808340461,0.163882760794,0.18386025316,0.959617428268,0.14833100864600002,0.166404034037,0.203536996216,0.945802337938,0.148371582685,0.163252442483,0.199854017012,0.9213602550480001,0.148470521904,0.16199180586200002,0.173788481386,0.871413390011,0.148484985206,0.136463914277,0.150875262905,0.8405951115829999,0.148473785747,0.128269776237
AR,0.0811667807708,0.731137088204,0.08540592118589999,0.0923416325244,0.08800471305549999,0.717853347503,0.0851483336325,0.09895997478730001,0.0825623896351,0.790116896918,0.0855353229332,0.09706901985500001,0.0853448368822,0.8581296493089999,0.08531062979039998,0.101796407186,0.0677455477226,0.894261424017,0.085416224688,0.10967538607,0.0694936532626,0.941020191286,0.0859509828485,0.12228175228499999,0.0836829025214,0.9612114771520001,0.08630686965210001,0.131736526946,0.10185014026799999,0.941020191286,0.0864263518787,0.132051686101,0.10660894124199999,0.92348565356,0.0864034409857,0.12953041285800002,0.09213932413139997,0.86344314559,0.0862644397023,0.105893476205,0.0787444264908,0.8140276301809999,0.0860510740121,0.105893476205
AZ,0.124398209576,0.765674814028,0.17758905089699994,0.148124803026,0.127172293713,0.802337938363,0.177769906158,0.15190671289000002,0.103224254263,0.82518597237,0.17767378280299995,0.153482508667,0.11835985285700001,0.8363443145589999,0.17685948615,0.16892530728,0.11790965876800001,0.860255047821,0.176606250386,0.190356129846,0.131709220676,0.9426142401700001,0.176572396022,0.20832020170200002,0.17664758647599998,0.943676939426,0.176851230549,0.21210211156599998,0.194324539927,0.9543039319869999,0.176859998125,0.205483769303,0.203272851358,0.924548352816,0.17729908090799998,0.2004412228180001,0.172773669577,0.86875664187,0.177829167295,0.176489127009,0.142281748604,0.782678002125,0.17847713598499998,0.14276709738399998
CA,0.501036114974,0.7842720510100001,0.9535614759090001,0.31232272297499997,0.479919335533,0.8087141339,0.9209666348919999,0.304443744091,0.426926456637,0.8283740701379999,0.972006600641,0.301922470848,0.46717505905100004,0.827311370882,0.95490086719,0.25212732429900003,0.469923934045,0.849096705632,0.952719596589,0.31894106523800003,0.45607426537,0.9213602550480001,0.961123094532,0.36180271036899997,0.51957183276,0.924548352816,0.990817723688,0.39930664985799996,0.593856349577,0.932518597237,0.942388319796,0.39552473999399995,0.5785397100330001,0.9091392136030001,0.9590338514839999,0.40088244563500003,0.602322428302,0.871413390011,0.975474145089,0.3460447526,0.573199373414,0.778958554729,0.925373589948,0.32745036243299996
CO,0.0993714488236,0.681190223167,0.150664335899,0.152221872045,0.100326113342,0.6965993623800001,0.150839623429,0.162937283328,0.0881955309364,0.741764080765,0.15110546658399998,0.16199180586200002,0.0925665376415,0.764080765143,0.15124069205000001,0.16482823825999998,0.08666649573010002,0.790648246546,0.151352430651,0.165773715726,0.09014209857489999,0.8708820403829999,0.15152714220799998,0.171446580523,0.09889906493730001,0.87991498406,0.15159785879100002,0.183737787583,0.11045580384199999,0.8815090329440001,0.15183413537499998,0.18153167349500002,0.11605542081700004,0.858660998937,0.151977104466,0.176489127009,0.104572200593,0.7991498405949999,0.15219642186899998,0.163252442483,0.09712074197319999,0.709883103082,0.152302272754,0.158840214308
CT,0.0506274129308,0.649840595112,0.08929456528660001,0.436495430192,0.054331000369300005,0.6099893730070001,0.08933501133230001,0.461077844311,0.0544610479192,0.690754516472,0.0887200010495,0.45761109360200003,0.0513946623233,0.775770456961,0.0886633637863,0.438386385124,0.0453964197744,0.859192348565,0.08860090280439999,0.44216829498899995,0.0390898205143,0.8730074388950001,0.08855437705250001,0.425149700599,0.0471140682597,0.909670563231,0.0885178348182,0.390797352663,0.0562369266507,0.9086078639740001,0.0885369698936,0.379766782225,0.0579726912127,0.886291179596,0.08867993898530001,0.378821304759,0.05496479945669999,0.7991498405949999,0.0887788142077,0.391112511818,0.0423065743386,0.770988310308,0.0888299477369,0.38575480617700003
DC,0.0119113922564,0.6843783209350001,0.0013439990579700001,0.234478411598,0.0145521698675,0.6615302869290001,0.0019352664879200001,0.21399306649900002,0.0131000800606,0.740170031881,0.00209340284677,0.245508982036,0.0121041751087,0.816684378321,0.0021923420660300004,0.24456350456999998,0.010379769039200001,0.892136025505,0.002148696175,0.21525370312,0.0118325537749,0.916046758767,0.00203823751236,0.242357390482,0.014850030756600003,0.9298618490970001,0.0021885022515700002,0.236684525685,0.0171315780708,0.922422954304,0.0022471874159,0.223132682004,0.0158945088399,0.903294367694,0.00236948550646,0.237630003152,0.0136864802069,0.819341126461,0.00246727278138,0.232587456666,0.008712131469040001,0.793836344315,0.0024855119000599998,0.234793570753
DE,0.012634909056599999,0.6960680127519999,0.014114198001999999,0.184052946738,0.0175538312267,0.665249734325,0.013921375319100001,0.226914591869,0.0153524882887,0.7385759829970001,0.0146074221694,0.22092656791700002,0.014239212247799999,0.8140276301809999,0.014638140685,0.179325559408,0.010148189985899999,0.886822529224,0.0146677072564,0.205798928459,0.0100728980379,0.917109458023,0.014751031230200001,0.222187204538,0.013145969328700002,0.934643995749,0.0147286323125,0.199495745351,0.016538252599,0.925079702444,0.014763958605500001,0.205483769303,0.016027455920500002,0.9086078639740001,0.014790901303600001,0.20832020170200002,0.013161449468200002,0.8262486716259999,0.014775542045799997,0.202017018594,0.0112091786204,0.800212539851,0.014804148663500001,0.21809013551800002
FL,0.392803748015,0.837407013815,0.625399796682,0.189410652379,0.40940859397,0.8267800212540001,0.6274076996600001,0.196659312953,0.376838763803,0.8953241232729999,0.632643862649,0.184052946738,0.419556184879,0.925079702444,0.633612519843,0.18247715096099998,0.428530256604,0.9378320935179999,0.634479421954,0.18027103687399998,0.457670708676,0.960148777896,0.635057890003,0.18436810589299998,0.509664399681,0.965993623804,0.634609847652,0.187834856603,0.547390530132,0.963868225292,0.636888841531,0.185628742515,0.549754510388,0.951115834219,0.6374185439360001,0.18657421998100002,0.519316122901,0.9213602550480001,0.633790047265,0.180901355184,0.459840276591,0.909670563231,0.6493681745300001,0.18121651434
GA,0.246119529202,0.764612114772,0.288332563771,0.147494484715,0.27839830399,0.7555791710950001,0.28875398340799996,0.157894736842,0.261053191053,0.8384697130709999,0.289288229593,0.133942641034,0.241641287785,0.8809776833159999,0.28950165928000005,0.13898518752,0.21943670504,0.9107332624869999,0.289827147552,0.15600378191,0.24670609709000002,0.947396386823,0.29017343481999996,0.160416010085,0.286734119498,0.95908607864,0.290459756985,0.220296249606,0.32562356086800004,0.948459086079,0.290797532663,0.177434604475,0.31900764637400003,0.918172157279,0.290917078887,0.164513079105,0.272505474961,0.8703506907549999,0.291125324824,0.14213677907299999,0.23592298175299997,0.843783209352,0.291263302157,0.125118184683
HI,0.008547001993009999,0.877789585547,0.0160028747411,0.7967223447840001,0.0078130612599,0.886822529224,0.0160211138598,0.702804916483,0.006823171037090001,0.878320935175,0.0160399289506,0.708162622124,0.0079028508618,0.889479277365,0.0160398009568,0.680743775607,0.008210512644229999,0.886822529224,0.0160455606785,0.670028364324,0.00832872244038,0.899574920298,0.0160714794261,0.687677277025,0.008691810790520001,0.910201912859,0.016077943113799998,0.6920895052,0.0107707264331,0.918172157279,0.0160792870488,0.695871415065,0.0116741339569,0.917640807651,0.0161011099944,0.66277970375,0.010943691831200001,0.910201912859,0.0160876066468,0.644815631894,0.0101174933005,0.90170031881,0.016099254084000002,0.6047904191619999
IA,0.0881309744412,0.640807651435,0.0862002508039,0.0964387015443,0.0937511277617,0.603081827843,0.08618681145330001,0.0958083832335,0.0856812064157,0.724229543039,0.0864127205373,0.09959029309800001,0.08342750418219999,0.7975557917110001,0.0863860338268,0.10022061140900004,0.07430014073510001,0.844845908608,0.08643857528799999,0.09959029309800001,0.07767289410789999,0.894792773645,0.08650193222660002,0.150961235424,0.0847989822407,0.9086078639740001,0.0866573807154,0.1730223763,0.09318071097930004,0.892136025505,0.0866330618904,0.16199180586200002,0.092327793632,0.889479277365,0.0868243486475,0.134572959344,0.0846465292257,0.8076514346439999,0.0869627739588,0.100535770564,0.0776796037659,0.7492029755580001,0.0868063015195,0.086038449417
ID,0.0359130610442,0.678533475027,0.0377612473765,0.106208635361,0.037189070254699995,0.71307120085,0.0385089232488,0.10148124803,0.0303837277374,0.7428267800210001,0.0378861053434,0.10148124803,0.0303374071341,0.7507970244419999,0.0379310311726,0.0992751339426,0.0330807706234,0.8012752391069999,0.038010579328800004,0.11913016073100001,0.033453659866800003,0.869819341126,0.038073744276699996,0.11786952410999996,0.045896840445999995,0.871944739639,0.0381764593135,0.11786952410999996,0.048170120503099996,0.875664187035,0.0382179933066,0.116608887488,0.0443867120974,0.829968119022,0.0383366435734,0.105893476205,0.0341270938626,0.7954303931990001,0.0384054402491,0.102741884652,0.0289628618033,0.684909670563,0.0384127358966,0.09895997478730001
IL,0.27466473875799996,0.6625929861850001,0.35392881816,0.14213677907299999,0.290019767132,0.629117959617,0.353186646021,0.149385439647,0.271343913346,0.72954303932,0.355574178656,0.154427986133,0.27155258371,0.814558979809,0.354221987994,0.145918688938,0.228124777593,0.8708820403829999,0.35385694963200004,0.144342893161,0.24770574028,0.90701381509,0.353857333614,0.14780964387,0.27165298894900003,0.920297555792,0.35423798721999994,0.157579577687,0.30923764146899996,0.908076514346,0.35474132289899996,0.159785691774,0.30426024942200003,0.900106269926,0.355046716143,0.154112826978,0.277124834865,0.823591923486,0.355819158818,0.15285219035599998,0.23875215697500002,0.7736450584479999,0.356215299677,0.152221872045
IN,0.208823703496,0.6604675876730001,0.187661076217,0.13898518752,0.224073054756,0.628586609989,0.187699666352,0.138670028364,0.20677869559,0.7236981934110001,0.187798605571,0.136779073432,0.207704244985,0.807120085016,0.18764750887200002,0.137724550898,0.172382568404,0.871413390011,0.187048689807,0.131106208635,0.18971617907000002,0.903294367694,0.187698898389,0.13961550583,0.202419766269,0.913390010627,0.187838219657,0.141506460763,0.22162302313700002,0.901168969182,0.187485340708,0.140245824141,0.218432532831,0.891604675877,0.18799309217399998,0.138354869209,0.20005566619800005,0.821466524973,0.188043969715,0.13268200441199998,0.18061179620200002,0.7736450584479999,0.18811071849,0.136463914277
KS,0.0686159101807,0.6965993623800001,0.0792042368513,0.161046328396,0.0725869014536,0.6918172157279999,0.07930579994369999,0.165458556571,0.0665881077542,0.774707757705,0.0794321938364,0.16797982981400006,0.06284577204080001,0.825717321998,0.0794465291437,0.17270721714499998,0.0557938256289,0.8538788522849999,0.079798448139,0.17459817207699999,0.061455435050599985,0.928799149841,0.0797711854563,0.186889379136,0.0795604646822,0.94527098831,0.08038261191219999,0.186889379136,0.0884340353153,0.925611052072,0.0799785994341,0.18153167349500002,0.086796902726,0.920297555792,0.0798611651085,0.173337535455,0.0785396141803,0.8405951115829999,0.079721523856,0.164513079105,0.0614278296006,0.77311370882,0.0798376782434,0.16892530728
KY,0.150500312838,0.697130712009,0.128682678053,0.102426725496,0.162492676288,0.6657810839530001,0.128673718486,0.11125118184699999,0.158189868464,0.762486716259,0.128784945111,0.104002521273,0.148026821379,0.8310308182780001,0.128710068729,0.102426725496,0.125567559187,0.8836344314560001,0.128719092293,0.0999054522534,0.135826434567,0.920297555792,0.128874988761,0.107469271982,0.14798694684,0.932518597237,0.129062051722,0.115663410022,0.159359577522,0.912858660999,0.129124768691,0.123542388906,0.155394768719,0.8990435706700001,0.12913577615900002,0.119760479042,0.142419176778,0.833156216791,0.129215004331,0.110620863536,0.12420027466499999,0.796493092455,0.129242523001,0.112826977624
LA,0.158023756503,0.776833156217,0.135001668719,0.0939174283013,0.17404491013700002,0.778427205101,0.13506483366699998,0.09265679167980001,0.165419189478,0.847502656748,0.135397873575,0.09360226914589999,0.15858693644000002,0.896918172157,0.13557783287900002,0.0879294043492,0.145522609271,0.92348565356,0.13557322510199998,0.0986448156319,0.15615149832699998,0.953772582359,0.136098703711,0.09297195083519999,0.181988234615,0.973432518597,0.13621485809800002,0.0967538606997,0.20438042418900002,0.964930924548,0.13635437135700001,0.10809959029300001,0.21738620959199997,0.943145589798,0.13629216636299998,0.10463283958399999,0.198062202843,0.896386822529,0.13627111138,0.10022061140900004,0.168880198817,0.859192348565,0.136132174093,0.08383233532930001
MA,0.097610810601,0.641870350691,0.189017298684,0.416325244248,0.10733751424900001,0.6036131774710001,0.18994710975600002,0.44784115978600003,0.105179975793,0.6822529224230001,0.190253654943,0.44216829498899995,0.101303950143,0.76780021254,0.190211544978,0.404349196344,0.08962696458189999,0.8544102019130001,0.19030728435199998,0.3696816892530001,0.08779410168339999,0.863974495218,0.19146441244000004,0.369366530098,0.09589007088030001,0.903294367694,0.190339986772,0.36148755121299997,0.110831784321,0.903825717322,0.19031835581700002,0.36495430192199996,0.11500650956599999,0.877789585547,0.190552712493,0.37693034982699997,0.106795709365,0.79224229543,0.190350866246,0.357075323038,0.09169246090849999,0.7635494155149999,0.192792604261,0.345099275134
MD,0.116574484752,0.689160467588,0.143064063144,0.23195713835499998,0.13612611664899998,0.6604675876730001,0.144621555886,0.235423889064,0.132488331785,0.735387885228,0.145313426455,0.23794516230700002,0.117509882967,0.812964930925,0.145657857812,0.232902615821,0.0920805427347,0.8852284803399999,0.145496521608,0.22250236369399998,0.10657268512599999,0.914452709883,0.145566470228,0.240781594705,0.113727648751,0.9293304994689999,0.145818874032,0.23416325244199998,0.133333748693,0.918703506908,0.14590616581399998,0.237314843996,0.12783142175999998,0.902763018066,0.145964850978,0.22880554680100001,0.108397544361,0.821466524973,0.146160425528,0.23794516230700002,0.0936159041899,0.794367693943,0.146358111976,0.23195713835499998
ME,0.015053980396799999,0.588204038257,0.0361612606879,0.29120705956500004,0.0160743995635,0.553666312434,0.0361780918746,0.320516861015,0.0145209699577,0.640807651435,0.0360888801853,0.273242987709,0.012983427863600001,0.72688629118,0.036133102048499996,0.239836117239,0.013856857594,0.8219978746009999,0.0345141082783,0.258115348251,0.010645399606899999,0.831562167906,0.036453086586899996,0.233532934132,0.0128918410319,0.8703506907549999,0.036392225527699995,0.235423889064,0.014594105230000001,0.8831030818279999,0.0362566160803,0.247399936968,0.0157963321655,0.8544102019130001,0.0364216641052,0.23416325244199998,0.0152417789316,0.7555791710950001,0.0362170659914,0.238575480618,0.014719911317499999,0.722635494155,0.033080897531,0.26536400882399996
MI,0.19918952124000008,0.614240170032,0.29290226296300004,0.18153167349500002,0.208598570507,0.568544102019,0.2929263258,0.183737787583,0.19508404925,0.6780021253990001,0.293284836477,0.18436810589299998,0.195085726664,0.7555791710950001,0.293098861463,0.176173967854,0.175550102095,0.829968119022,0.292697664849,0.18815001575800008,0.189185804568,0.8581296493089999,0.292987698834,0.195713835487,0.195377812455,0.886822529224,0.29300843383200004,0.227860069335,0.210266879043,0.8815090329440001,0.293141099422,0.213362748188,0.21590035582800002,0.8692879914980001,0.293483546875,0.191301607312,0.199668327227,0.785866099894,0.293804491367,0.183737787583,0.18057899076699999,0.745483528162,0.293794891831,0.18846517491300002
MN,0.136537610389,0.598831030818,0.156227715077,0.141191301607,0.13854034745,0.555791710946,0.15622982697499999,0.140560983297,0.12439305751700001,0.689160467588,0.156700652224,0.134257800189,0.127331144867,0.7630180658869999,0.156716139476,0.144342893161,0.11400609955800001,0.8140276301809999,0.156581873964,0.154427986133,0.111508860702,0.869819341126,0.157044187625,0.177434604475,0.11867163628699999,0.8953241232729999,0.15705257122000002,0.177434604475,0.136348182366,0.876195536663,0.15428022517999998,0.171131421368,0.131946263308,0.8650371944740001,0.15466286269,0.163882760794,0.122031162048,0.780552603613,0.154899779243,0.15505830444399998,0.11451581789899999,0.719978746015,0.154490135037,0.145918688938
MO,0.162637533012,0.6918172157279999,0.183798862839,0.11377245509000004,0.17316649609,0.665249734325,0.184091200713,0.11849984242,0.165321731696,0.762486716259,0.184264120358,0.113457295934,0.15153582873500002,0.832624867163,0.18403046764800002,0.124803025528,0.124303507546,0.8703506907549999,0.18408416105300002,0.156318941065,0.134197113936,0.9208289054200001,0.184171964811,0.196659312953,0.160609443029,0.937300743889,0.18427275994000009,0.20075638197299997,0.184734018373,0.916046758767,0.184452079276,0.197919949575,0.178472996862,0.9064824654620001,0.18449802905499998,0.162937283328,0.15745348349899999,0.832624867163,0.184294838873,0.13740939174300001,0.13042781977600001,0.785866099894,0.184603303968,0.137724550898
MS,0.08112978179949999,0.7587672688629999,0.0810333964663,0.15505830444399998,0.0898056331892,0.7486716259299999,0.081113328604,0.16797982981400006,0.0829493212342,0.832624867163,0.08125834559669999,0.150646076269,0.0849019994541,0.882040382572,0.08133347796630001,0.15316734951199998,0.0730616576833,0.910201912859,0.0814004827287,0.157894736842,0.0755734900454,0.9468650371940001,0.08162811972930001,0.163567601639,0.0907418701111,0.965993623804,0.08173320265160001,0.15505830444399998,0.107273484941,0.951647183847,0.081791887816,0.15505830444399998,0.111153512422,0.9314558979809999,0.0817728167375,0.160416010085,0.09864742879910003,0.8793836344310001,0.0817116996907,0.14497321147199999,0.0849062409165,0.8405951115829999,0.0817545776188,0.14276709738399998
MT,0.021709290168499998,0.657279489904,0.0231420497762,0.146864166404,0.023475104413099995,0.668969181722,0.0231577290185,0.127009139616,0.019537254058099997,0.735919234857,0.023251868469700003,0.1348881185,0.0177423726165,0.7534537725820001,0.023282586985400002,0.13079104947999998,0.0170028484895,0.78958554729,0.0234045010945,0.136148755121,0.015611169567700001,0.8650371944740001,0.023546958211,0.13961550583,0.0178011540133,0.877789585547,0.0236206826486,0.14182161991800002,0.0198590300854,0.876195536663,0.0236443615045,0.1348881185,0.019229951721599997,0.8304994686499999,0.0236992708512,0.131106208635,0.0166101417918,0.781083953241,0.0237024066997,0.13079104947999998,0.0159186875717,0.685441020191,0.0235755008318,0.128269776237
NC,0.259219729078,0.735387885228,0.303663150997,0.14213677907299999,0.283256288088,0.711477151966,0.304143319795,0.143397415695,0.27361302383,0.7954303931990001,0.304476743684,0.155373463599,0.24813221093499999,0.844845908608,0.304562563537,0.14371257485,0.210047856636,0.890541976621,0.304844533912,0.138354869209,0.236534447264,0.936769394261,0.30530492766600004,0.14780964387,0.282835544605,0.943145589798,0.30574836223900004,0.163567601639,0.311298464998,0.930393198725,0.306084793983,0.15947053261900002,0.29511016899,0.9064824654620001,0.30641053824299996,0.160416010085,0.265413510232,0.844845908608,0.306648222758,0.153482508667,0.224257618277,0.815090329437,0.306775704598,0.13268200441199998
ND,0.033695039813399996,0.611052072264,0.013177859245799999,0.107784431138,0.0337415041951,0.570669500531,0.0132444160298,0.12102111566299999,0.030288306815400002,0.701381509033,0.013342139307799998,0.11377245509000004,0.028589589150900006,0.7614240170029999,0.013379769489500001,0.135833595966,0.024302501096900003,0.804463336876,0.013415607757800001,0.131736526946,0.0222390416308,0.871944739639,0.0135398897525,0.152537031201,0.022254977068500003,0.8974495217849999,0.0135939671395,0.145918688938,0.025295650296499998,0.8873538788519999,0.0137016099382,0.146233848093,0.0259582529872,0.855472901169,0.0138020210863,0.147179325559,0.0220612356938,0.780021253985,0.013883681140499999,0.131421367791,0.024088103560700003,0.6987247608930001,0.0139172155201,0.118815001576
NE,0.0526910401384,0.670563230606,0.0505980671014,0.108729908604,0.0540465587961,0.6647183846970001,0.050592307379700004,0.116293728333,0.0482787690366,0.75398512221,0.050821928284400006,0.131421367791,0.0461623751614,0.794367693943,0.05088784509930002,0.125748502994,0.0412922657533,0.8246546227420001,0.0508808054395,0.127954617082,0.041935482325,0.896918172157,0.0510969869936,0.15285219035599998,0.0489185588901,0.916046758767,0.05121723718309999,0.172076898834,0.062082117108,0.902763018066,0.051254099401900004,0.158525055153,0.058077817175699986,0.890541976621,0.0513743495914,0.150330917113,0.051011013663999995,0.814558979809,0.0513632781264,0.123542388906,0.043633265430000005,0.7391073326250001,0.051158040043500004,0.116608887488
NH,0.0125730364246,0.6036131774710001,0.031129055844,0.3860699653320001,0.0140092626829,0.569075451647,0.0303036237289,0.4040340371890001,0.0135252327473,0.652497343252,0.030305863620700008,0.403718878033,0.0131253371304,0.741764080765,0.0301969408838,0.381657737157,0.0108733602375,0.839001062699,0.030100497543999998,0.36495430192199996,0.00937351204348,0.845908607864,0.030660278495299998,0.346990230066,0.0119522013549,0.8815090329440001,0.030613560752699998,0.331862590608,0.012883406033299998,0.8852284803399999,0.030573178704,0.325874566656,0.0149584636225,0.859192348565,0.0307262593072,0.329971635676,0.0140877177554,0.766206163656,0.030929705476599997,0.3359596596280001,0.010707344128100002,0.7364505844850001,0.0305264609614,0.34163252442500003
NJ,0.132004349775,0.674282678002,0.240103598194,0.271667191932,0.149262788309,0.644527098831,0.24042646259300002,0.280806807438,0.135385681925,0.716790648247,0.240533209435,0.290261582099,0.136309026719,0.7996811902230001,0.24097920388500002,0.28364323983600004,0.11416051754499999,0.8767268862909999,0.24157111128400002,0.27986132997200003,0.134263443698,0.899574920298,0.24127448561700002,0.314843996218,0.149374384299,0.925611052072,0.24260965310199997,0.31263788213000004,0.17903668002300002,0.9208289054200001,0.241963860306,0.308855972266,0.176398538349,0.90170031881,0.242267525633,0.28994642294399997,0.150850101687,0.8156216790649999,0.242646195336,0.25969114402800003,0.122124929519,0.78958554729,0.24269508897300002,0.259060825717
NM,0.0360826236872,0.715196599362,0.04994248277919999,0.156318941065,0.036800940502300004,0.74601487779,0.04996366575569999,0.15505830444399998,0.0309696965485,0.778958554729,0.050050317568699994,0.149070280492,0.032715813154199996,0.804994686504,0.05005870116359999,0.144027734006,0.0312842596935,0.835812964931,0.05005998110169999,0.147179325559,0.0325619942446,0.9064824654620001,0.05015335259,0.17680428616500002,0.038712857549900004,0.914452709883,0.0501548885158,0.18436810589299998,0.043181897150999994,0.916046758767,0.0502089019059,0.179640718563,0.0441805578553,0.892667375133,0.0502480040164,0.16482823825999998,0.0402377711091,0.831562167906,0.050330624024199994,0.152221872045,0.035652199126400004,0.756641870351,0.0503066251839,0.1348881185
NV,0.0527291653737,0.7263549415520001,0.066771813586,0.14308225654,0.05735985980650001,0.7534537725820001,0.066800868182,0.141506460763,0.0453237398004,0.778958554729,0.06699804265459999,0.140876142452,0.051943943683,0.780021253985,0.0670401526198,0.13898518752,0.049373593517899994,0.8204038257170001,0.06723259132119999,0.143397415695,0.0577634217722,0.903294367694,0.0673686487469,0.17396785376600002,0.07647797590710001,0.902763018066,0.067573758836,0.179010400252,0.0834307391958,0.912327311371,0.0675207693964,0.17711944532,0.085598965179,0.876195536663,0.067661050618,0.176489127009,0.07334720155739999,0.8246546227420001,0.06742099821740001,0.14182161991800002,0.05996720894280001,0.716790648247,0.0675692790524,0.108729908604
NY,0.280056452187,0.6121147715199999,0.504672702215,0.33785061456,0.29604755613899997,0.5749202975559999,0.505349149529,0.360226914592,0.291383217564,0.6615302869290001,0.505688653124,0.35518436810599996,0.289392725628,0.756110520723,0.505359837013,0.30728017648899997,0.260760362408,0.850159404888,0.50521667593,0.317680428616,0.24528808276099998,0.8607863974500001,0.5055757625789999,0.340687046959,0.292797469692,0.88788522848,0.505739722657,0.35518436810599996,0.320608522847,0.884697130712,0.50604325999,0.350456980775,0.3361574843,0.871413390011,0.505935105216,0.351402458241,0.32412970344,0.777895855473,0.5064436246440001,0.32902615821,0.270171784019,0.7534537725820001,0.506245746206,0.300976993382
OH,0.298490374876,0.6556854410199999,0.33884084321,0.163252442483,0.324506019402,0.617959617428,0.33823856831200005,0.166404034037,0.309344756366,0.716790648247,0.33996040511299996,0.16482823825999998,0.295705507359,0.7996811902230001,0.338990787965,0.15474314528799998,0.251953648724,0.871413390011,0.33791909574900003,0.158209895997,0.274417176341,0.896918172157,0.339563304301,0.171761739679,0.294492664786,0.9064824654620001,0.338514266991,0.183737787583,0.319171409956,0.898512221041,0.33842921509999996,0.18027103687399998,0.314290517168,0.889479277365,0.338644180713,0.170501103057,0.288145639837,0.815090329437,0.33850607538599997,0.162937283328,0.259495136576,0.777364505845,0.33867854705300005,0.169555625591
OK,0.109437972686,0.7263549415520001,0.113430615033,0.0822565395525,0.117552752889,0.72688629118,0.113475220877,0.09328710999050001,0.105310742234,0.7975557917110001,0.11370260189000002,0.09297195083519999,0.10275836436699999,0.8522848034010001,0.113707721643,0.0961235423889,0.09349057736369999,0.8772582359190001,0.113039465933,0.10211156634099999,0.100409289138,0.9426142401700001,0.11461442983100001,0.117239205799,0.128372244158,0.962274176408,0.114196978002,0.119760479042,0.142631297823,0.947396386823,0.114229552428,0.122912070596,0.137931134467,0.933049946865,0.11430276489,0.12102111566299999,0.125868631127,0.8629117959620001,0.11435197851199999,0.106523794516,0.0993356240425,0.7991498405949999,0.114393704496,0.0844626536401
OR,0.0947919634592,0.7284803400640001,0.108227986424,0.127639457926,0.09460612989560001,0.747608926674,0.10829915098500001,0.128269776237,0.07937410393120001,0.768862911796,0.108539075392,0.128900094548,0.0838637517676,0.7635494155149999,0.108571713815,0.127324298771,0.07914937831419999,0.8103081827840001,0.108820533792,0.126063662149,0.0767669944255,0.8746014877789999,0.108886770591,0.130475890325,0.08522152295339999,0.884697130712,0.109119143363,0.136463914277,0.0907765207021,0.8815090329440001,0.109145254101,0.124803025528,0.08899484290889999,0.834750265675,0.109409817318,0.127009139616,0.0763118879085,0.814558979809,0.10957883315099999,0.12953041285800002,0.07834201475210001,0.716259298618,0.10936988324699999,0.133627481878
PA,0.29408761711,0.645589798087,0.36943296499899997,0.175543649543,0.31769336815,0.611583421892,0.36958566162100004,0.18657421998100002,0.314895824172,0.6939426142399999,0.36977688438100004,0.184998424204,0.312339061065,0.783209351753,0.370116451973,0.16987078474599998,0.256174958166,0.8629117959620001,0.369845681057,0.170501103057,0.252049165498,0.8825717322,0.369875951594,0.18153167349500002,0.275149008325,0.900106269926,0.369885359139,0.179955877718,0.304156705021,0.892136025505,0.36983121775600003,0.184052946738,0.301880549396,0.87991498406,0.369815346522,0.18153167349500002,0.288705752501,0.7954303931990001,0.369949996016,0.174283012922,0.254097120862,0.76780021254,0.370147682464,0.17491333123199998
RI,0.005412848851289999,0.6615302869290001,0.0166336282631,0.409076583675,0.0064153196828500006,0.62008501594,0.016760982109299997,0.482823826032,0.0056841107390700005,0.695005313496,0.0167749974321,0.453514024582,0.00530803440808,0.7763018065889999,0.0168192832922,0.418846517491,0.0032229123318500003,0.851222104145,0.01687003284,0.353608572329,0.00393775450272,0.86875664187,0.0168498098172,0.342262842736,0.00556026962281,0.910201912859,0.0166899455418,0.339741569493,0.00810241526121,0.911795961743,0.0166923774243,0.36589977938900003,0.00888114296148,0.8852284803399999,0.0167858129095,0.406870469587,0.00573011982251,0.804463336876,0.0167554143784,0.37031200756399996,0.0043037663467,0.7763018065889999,0.0169343497322,0.357075323038
SC,0.147951960766,0.7587672688629999,0.14662376314,0.15474314528799998,0.163327789079,0.743889479277,0.14679738675,0.15947053261900002,0.15395782356899998,0.825717321998,0.147151801625,0.15285219035599998,0.142901649114,0.8703506907549999,0.147254900643,0.140876142452,0.125685289722,0.9064824654620001,0.14743767581199999,0.148124803026,0.144652965705,0.953772582359,0.147800410284,0.163882760794,0.17172267354,0.962805526036,0.148112907184,0.170816262212,0.18798173247699998,0.948459086079,0.148230149519,0.168610148125,0.18277379178800002,0.9208289054200001,0.148336320389,0.164513079105,0.15626434039599998,0.8623804463339999,0.148499448507,0.145288370627,0.13592384442299998,0.8342189160469999,0.148521719431,0.138039710054
SD,0.0170694178821,0.646652497343,0.0140860393626,0.141191301607,0.018439913455,0.6296493092450001,0.014108950255499996,0.145288370627,0.016158773512899998,0.733262486716,0.014285901705200001,0.13898518752,0.014742388671799996,0.7794899043569999,0.014172179200299999,0.148124803026,0.012366187253600001,0.811902231668,0.014228048500700002,0.151591553735,0.011067580873499999,0.8852284803399999,0.0142922373991,0.15474314528799998,0.012912425304100002,0.9091392136030001,0.0143258997725,0.167349511503,0.0159079281559,0.896918172157,0.014362825988200004,0.167349511503,0.0161967070436,0.876195536663,0.0143984722658,0.163567601639,0.0136642664463,0.800212539851,0.0144094797339,0.159155373464,0.0122327609116,0.719447396387,0.0143798491657,0.148755121336
TN,0.186271392726,0.717853347503,0.192103997535,0.141191301607,0.208146770893,0.692879914984,0.19220440868299998,0.14245193822899999,0.205986500647,0.785866099894,0.192719519793,0.136463914277,0.201232707953,0.845377258236,0.192898135162,0.13898518752,0.163936570727,0.8873538788519999,0.19312711609799998,0.135518436811,0.164360764891,0.9293304994689999,0.193789100111,0.154112826978,0.19263176510299998,0.941551540914,0.19399459418099999,0.158209895997,0.222122389434,0.920297555792,0.194216983435,0.156318941065,0.225776876554,0.902763018066,0.194074398325,0.155373463599,0.200528313678,0.843251859724,0.193811691019,0.146864166404,0.16542194523,0.8103081827840001,0.193817770725,0.145918688938
TX,0.699079075476,0.759829968119,0.7372731109630001,0.137724550898,0.7707621859970001,0.782146652497,0.7359414633079999,0.135518436811,0.684652735659,0.8246546227420001,0.7409654765479999,0.13268200441199998,0.717530299498,0.87991498406,0.7414474372600001,0.12039079735300001,0.660033179259,0.9064824654620001,0.7402685502240001,0.125748502994,0.691071577913,0.947396386823,0.7449163896400001,0.132366845257,0.82222363338,0.968119022317,0.7455369676540001,0.134257800189,0.9528838229909999,0.968650371945,0.7471875758959999,0.136779073432,0.96602025502,0.9468650371940001,0.745863543874,0.131106208635,0.891035777095,0.893730074389,0.7484088928820001,0.116924046644,0.7948707060879999,0.8304994686499999,0.7419987066220001,0.10999054522500001
UT,0.0502834231429,0.6965993623800001,0.0575746259941,0.10085092972000001,0.051418385756900005,0.7327311370880001,0.0576558380699,0.10463283958399999,0.043287095003199993,0.764612114772,0.0581907882211,0.10967538607,0.045175336543300006,0.7763018065889999,0.058263040729900004,0.10809959029300001,0.043740284475099984,0.811902231668,0.0584195131691,0.123857548062,0.04501248355830001,0.897980871413,0.0584626470849,0.143397415695,0.055894734092699995,0.898512221041,0.0585806573826,0.15190671289000002,0.0600451128648,0.903294367694,0.058781031700499996,0.140245824141,0.0614780082572,0.874070138151,0.058836197034999996,0.146233848093,0.0511765744752,0.814558979809,0.058912673339599986,0.12039079735300001,0.0481620689135,0.709351753454,0.0590656899459,0.106523794516
VA,0.224859330822,0.705632306057,0.226154256226,0.152221872045,0.249973245239,0.6795961742829999,0.226388356915,0.154427986133,0.24562107350200002,0.7608926673749999,0.22643341073800002,0.15190671289000002,0.2162845796,0.823060573858,0.226394308627,0.137724550898,0.173545735545,0.8825717322,0.210663612734,0.14182161991800002,0.201868591827,0.917640807651,0.226735284151,0.151591553735,0.228552925663,0.9261424017000001,0.22695248965599998,0.15316734951199998,0.24484445455200002,0.914984059511,0.227214109014,0.150330917113,0.2367705793,0.894261424017,0.227330007414,0.14780964387,0.207246143085,0.82518597237,0.22746606484,0.136148755121,0.18620721964,0.7975557917110001,0.22766509522300002,0.14245193822899999
VT,0.00210685657555,0.590860786397,0.00802156439801,0.303498266625,0.0028379217409499995,0.554197662062,0.00801919651242,0.307595335645,0.0017690732213,0.644527098831,0.008065402279760001,0.306649858178,0.0017683543293699996,0.735919234857,0.008074681831369999,0.305389221557,0.00042697387954099996,0.837407013815,0.00811538386465,0.3079104948,0.000352352897338,0.8443145589800001,0.00825329720068,0.3079104948,0.000554744938342,0.877789585547,0.008186100447629999,0.30728017648899997,0.00177671743881,0.87991498406,0.00820024376422,0.30728017648899997,0.00204745213917,0.857598299681,0.00823025831392,0.308225653955,0.0011967154307,0.7614240170029999,0.008188916311560001,0.308855972266,0.000508400372003,0.734325185972,0.00817547696095,0.310431768043
WA,0.195399331287,0.7125398512219999,0.196971154354,0.0832020170186,0.200489086142,0.7422954303929999,0.198391245735,0.0857232902616,0.17430009280900002,0.764080765143,0.198366158947,0.08162622124169999,0.179968963039,0.768862911796,0.197981921514,0.0794201071541,0.169138568576,0.823591923486,0.198025439411,0.078474629688,0.150190206823,0.874070138151,0.197984289399,0.08698392688310001,0.158933298571,0.890541976621,0.19882034500100002,0.08950520012610001,0.168638723018,0.87991498406,0.197928676086,0.086038449417,0.164287605656,0.8246546227420001,0.19941890807799997,0.08698392688310001,0.15577772245,0.804463336876,0.200101115114,0.08919004097069999,0.155505549966,0.717321997875,0.197693231463,0.0967538606997
WI,0.133754635954,0.607332624867,0.176800161016,0.184052946738,0.138415787442,0.566418703507,0.175676503311,0.188780334069,0.125842942722,0.689160467588,0.17611155429000006,0.184052946738,0.126368836131,0.7651434644,0.17695445756099998,0.184998424204,0.11501961736300001,0.8267800212540001,0.176347254901,0.188780334069,0.11821854266699999,0.8650371944740001,0.176542381472,0.20705956508,0.124695255721,0.889479277365,0.17715777573600006,0.205168610148,0.14184621991,0.8772582359190001,0.177022806258,0.202017018594,0.140737568741,0.869819341126,0.177132112976,0.203277655216,0.131988606042,0.783209351753,0.176949785786,0.1900409706900001,0.118529295685,0.735387885228,0.17638494907900001,0.180901355184
WV,0.0609388632737,0.679064824655,0.049864982524,0.09549322407819999,0.0713829252144,0.647715196599,0.0498616546848,0.10116608887499999,0.0681270876322,0.7385759829970001,0.0498741980787,0.106208635361,0.05787168689669999,0.8081827842720001,0.0497473562077,0.10463283958399999,0.04490917878819999,0.869819341126,0.049594659586,0.102426725496,0.0523705341535,0.900637619554,0.0496065630109,0.11377245509000004,0.0539225739015,0.9091392136030001,0.0495716846962,0.115978569177,0.0550601964157,0.8974495217849999,0.0495709807302,0.11849984242,0.0559584279175,0.8825717322,0.049596323505600004,0.113142136779,0.0493648230364,0.812964930925,0.049411948414699994,0.11219665931299999,0.0479134760845,0.782678002125,0.0497586196635,0.118815001576
WY,0.0268969581047,0.662061636557,0.00617474163648,0.09801449732110001,0.0282014354355,0.676939426142,0.00620584413361,0.105263157895,0.0238632341654,0.7263549415520001,0.00622715510387,0.113142136779,0.024476161423800002,0.745483528162,0.006240978435919999,0.105263157895,0.022953716060200004,0.775770456961,0.006245458219459999,0.107469271982,0.0228693660739,0.8607863974500001,0.00624616218544,0.105893476205,0.0231645670629,0.865568544102,0.00627054500727,0.106523794516,0.022352434851,0.867693942614,0.006270289019630001,0.106523794516,0.023897381532000002,0.8416578108399999,0.00630862316733,0.103057043807,0.022709101099900004,0.784803400638,0.00631387091376,0.108729908604,0.0233638199425,0.681190223167,0.006287120206350001,0.102741884652
